-- phpMyAdmin SQL Dump
-- version 5.2.0
-- https://www.phpmyadmin.net/
--
-- 主機： 127.0.0.1
-- 產生時間： 2023-06-11 20:51:01
-- 伺服器版本： 10.4.27-MariaDB
-- PHP 版本： 8.0.25

SET SQL_MODE = "NO_AUTO_VALUE_ON_ZERO";
START TRANSACTION;
SET time_zone = "+00:00";


/*!40101 SET @OLD_CHARACTER_SET_CLIENT=@@CHARACTER_SET_CLIENT */;
/*!40101 SET @OLD_CHARACTER_SET_RESULTS=@@CHARACTER_SET_RESULTS */;
/*!40101 SET @OLD_COLLATION_CONNECTION=@@COLLATION_CONNECTION */;
/*!40101 SET NAMES utf8mb4 */;

--
-- 資料庫： `group_05`
--
CREATE DATABASE IF NOT EXISTS `group_05` DEFAULT CHARACTER SET utf8mb4 COLLATE utf8mb4_general_ci;
USE `group_05`;

-- --------------------------------------------------------

--
-- 資料表結構 `user_image`
--

CREATE TABLE `user_image` (
  `ID` varchar(12) NOT NULL,
  `hasPic` int(1) NOT NULL
) ENGINE=InnoDB DEFAULT CHARSET=utf8mb4 COLLATE=utf8mb4_general_ci;

--
-- 傾印資料表的資料 `user_image`
--

INSERT INTO `user_image` (`ID`, `hasPic`) VALUES
('100001', 0),
('100002', 1),
('100003', 0),
('100005', 0),
('100006', 0),
('100007', 0),
('100008', 0),
('100009', 0);

-- --------------------------------------------------------

--
-- 資料表結構 `公告`
--

CREATE TABLE `公告` (
  `公告id` int(11) NOT NULL,
  `標題` varchar(100) NOT NULL,
  `內容` varchar(100) NOT NULL,
  `start` date NOT NULL,
  `end` date NOT NULL
) ENGINE=InnoDB DEFAULT CHARSET=utf8mb4 COLLATE=utf8mb4_general_ci;

--
-- 傾印資料表的資料 `公告`
--

INSERT INTO `公告` (`公告id`, `標題`, `內容`, `start`, `end`) VALUES
(10001, '運費減免活動', '開幕日慶祝!!\r\n6/8~11/25號期間，運費皆為100元!!', '2023-06-08', '2023-11-25'),
(10002, '新會員折價券活動', '超好康活動來襲!!\r\n新會員註冊，立即送100元折價券兩張\r\n前往註冊並開始購物吧~', '2023-06-08', '2023-11-24');

-- --------------------------------------------------------

--
-- 資料表結構 `商品`
--

CREATE TABLE `商品` (
  `UID` varchar(20) NOT NULL,
  `品名` varchar(20) NOT NULL,
  `庫存量` int(11) NOT NULL,
  `售價` int(8) NOT NULL,
  `評價` int(11) NOT NULL,
  `簡短敘述` varchar(50) NOT NULL,
  `完整敘述` varchar(200) NOT NULL
) ENGINE=InnoDB DEFAULT CHARSET=utf8mb4 COLLATE=utf8mb4_general_ci;

--
-- 傾印資料表的資料 `商品`
--

INSERT INTO `商品` (`UID`, `品名`, `庫存量`, `售價`, `評價`, `簡短敘述`, `完整敘述`) VALUES
('1000', '吳郭魚', 59, 65, 50, 'asdfsadf', 'asdfasdfasdf\r\n五'),
('1001', '小卷', 100, 100, 69, 'asdfsfd', 'qwefwfesfd\r\nswgswgew\r\nwgeweg'),
('1002', '無毒大白蝦', 50, 500, 50, 'AAAAA,BBBBB,CCCCC,DDDD', 'wefwfe\r\nsdgsgd\r\nweegwg'),
('1003', '厚切比目魚', 60, 800, 87, '好吃,好用,好好玩', 'gfwegweg\r\ndfvsdgbv\r\nwegweg'),
('2000', '火鍋肉片', 100, 300, 50, 'IURTY,OUWE,PJG', 'wefwf\r\nsdgsdg\r\n好'),
('2001', '鹹豬肉', 98, 200, 36, 'wefwh,wegw,weg', 'sdfsf\r\nwgwgeg\r\njktykt\r\nwgw'),
('2002', '戰斧豬排', 99, 350, 5, '戰斧豬排', '「戰斧豬排」——口感鮮嫩，香氣誘人，為您帶來絕對的美食享受！立即品味這道烹飪界的極致力作，讓豐盛的戰斧豬排震撼您的味蕾，瞬間將您帶入美食的巔峰！'),
('2003', '霜降松阪豬', 100, 300, 5, '霜降松阪豬', '「霜降松阪豬」——口感絲滑，肉質嫩美，為您帶來極致享受！嚐一口這頂級美食，豐富的霜降脂肪融化在口中，讓您感受無比的柔軟與豐富的豬肉風味，絕對是美食愛好者的最佳選擇！'),
('2004', '大野放牧黑豚帶皮五花肉', 100, 500, 5, 'sdaf ', 'sdafagasg'),
('2005', '台灣產里肌肉排12包', 100, 2200, 5, 'sadfsdf ', 'sadf asdf \r\n\r\n'),
('2006', '伊比利豬梅花燒肉片', 100, 300, 5, 'dafs ', 'sd fsdf '),
('2007', '豬肉酥', 100, 250, 5, '32af sd ', 'sdf sd fadf s'),
('3001', '有機花椰菜', 100, 50, 5, '有機花椰菜300g', '「花椰菜」——營養豐富，清爽鮮美！這款自然之寶為您帶來健康與美味的完美結合。每一朵花椰菜都是天然的藝術品，潔白色澤散發著清新香氣，口感鮮嫩爽脆。為您的餐桌增添色彩，讓您享受純淨、營養的味蕾之旅！'),
('3002', '西洋芹', 100, 100, 5, '西洋芹500g', '「西洋芹」——清香綠葉，美味無限！這款多功能的超級蔬菜將為您的料理帶來驚喜。其獨特的芳香和爽脆口感，使其成為沙拉、湯品和炒菜的絕佳選擇。添加西洋芹，為您的菜餚增添層次和健康，讓您享受美味與營養的完美結合！'),
('3003', '黃金玉米筍', 100, 300, 5, '黃金玉米筍1000g', '「玉米筍」——嫩滑鮮甜，彷彿大自然的禮物！這款豐富營養的美味佳品，帶給您獨特的口感享受。每一根筍都散發著清新的香氣，口感酥脆多汁，是沙拉、炒菜的絕佳選擇。品味玉米筍，讓您感受大自然的美味和健康！'),
('3004', '大黃瓜', 98, 50, 5, 'asd a', 'asd asd asd '),
('3005', '小蘆筍', 100, 30, 5, '561asd ', 'as dfsagdf '),
('3006', '木瓜型南瓜', 100, 500, 5, 'sdf sdf ', 'dsf sadf asd '),
('3007', '萵苣', 100, 70, 5, ' adfda adf ', 's asfg as '),
('4001', '日本青森蘋果', 100, 700, 5, '日本青森蘋果10入', '「日本青森蘋果」——絕佳品質，令人著迷！這款來自日本青森的頂級蘋果，色澤鮮豔，口感爽脆多汁。每一口都是對味蕾的極致享受，滿溢著天然甜蜜。品味日本青森蘋果，讓您感受來自遠東的絕美滋味！'),
('4002', '黑珍珠蓮霧', 106, 500, 50, '黑珍珠蓮霧2盒', '「黑珍珠蓮霧」——奢華饗宴，美味無限！這款珍貴的水果寶石散發著迷人的魅力。深邃的黑色外表中蘊藏著豐富的營養與清新的香氣，口感鮮嫩多汁。品味黑珍珠蓮霧，享受優雅與美味的完美結合，給您帶來無與倫比的味覺盛宴！'),
('4003', '愛文芒果', 100, 1000, 5, '愛文芒果10入', '「愛文芒果」——芳香濃郁，鮮甜撲鼻！這款來自愛文的頂級芒果，色澤金黃，果肉飽滿。每一口都是對味蕾的奢華享受，香甜滋味充滿口腔。品味愛文芒果，讓您感受來自熱帶的絕美滋味，帶您進入芒果的魅力世界！'),
('4004', '木瓜', 100, 60, 50, 'asd a', 'a sa fasf'),
('4005', '台灣香蕉', 100, 60, 5, 'asdfasdf', 'asdfasdgfad'),
('4006', '金鑽鳳梨', 100, 99, 5, 'sdaf a', 'sdgf sh sAS'),
('4007', '南非甜橙', 100, 30, 5, ' sdf sd sfngf', 'sg fhas dfn '),
('4008', '紐西蘭黃金奇異果', 100, 60, 5, 'fg sdf gsdf gsdgnsdh', 's dfhsdh ggfgs da'),
('5000', '皮蛋', 97, 50, 5, '皮蛋', '「皮蛋」——美味的傳統佳餚！這款獨特的美食給您帶來別樣的口感享受。外皮韌而滑，內裡滋味濃郁，每一口都是對味蕾的挑逗。品味皮蛋，讓您感受古早味的經典風味，開啟美食的傳承之旅！'),
('5001', '香Q鹹蛋', 100, 70, 5, '香Q鹹蛋', '「鹹蛋」——美味的傳統珍品！這款口感豐富的美食將帶給您無限的驚喜。鹹香滑嫩的蛋白包裹著濃郁的蛋黃，每一口都是對味蕾的獨特享受。品味鹹蛋，讓您沉浸在傳統美食的風味中，感受古早味的美妙滋味！'),
('5002', '無毒養生蛋', 99, 120, 5, '無毒養生蛋10顆', '「無毒養生雞蛋」——天然健康，味道出眾！我們以嚴格的飼養標準，為您提供最純淨的雞蛋。這些雞蛋不含農藥或化學添加劑，充滿天然的營養和鮮美的口感。選擇無毒養生雞蛋，為您和家人的健康提供最佳保護！'),
('6000', '大雞腿', 96, 110, 5, '大雞腿', '「雞腿」——鮮嫩多汁，肉質香濃！每一口都是滿溢的美味享受。我們精選優質雞肉，製作出鮮嫩多汁的雞腿，口感絕佳。烤、煎、炸，多種烹調方式展現其獨特風味。品味雞腿，讓您享受到美味與滿足的完美結合！'),
('6001', '去骨雞胸肉', 100, 150, 5, '去骨雞胸肉', '「去骨雞胸肉」——營養豐富，口感優越！我們精心挑選無骨雞胸肉，肉質鮮嫩細膩，充滿優質蛋白質和營養價值。無論煎、烤、炸或燉，它都能保持多汁美味。品味去骨雞胸肉，為您的餐桌帶來健康與美味的完美選擇！'),
('6002', '去骨雞腿肉', 100, 200, 5, '去骨雞腿肉', '「去骨雞腿肉」——肉質豐潤，美味驚艷！每一口都是肉汁濃郁的口感享受。我們精選無骨雞腿肉，保留了其香濃多汁的特點。烤、煎、炸或燉，多種烹調方式都能展現其鮮美風味。品味去骨雞腿肉，帶您進入美食的無限樂章！'),
('6003', '無毒母雞(土雞)', 100, 380, 5, 'dsaf as', 'ddsfa ffdgd'),
('6004', '詠春雞', 100, 350, 5, 'asdf sadnsf ', 'adg fsds '),
('6005', '煙燻甘蔗雞', 100, 450, 5, 'sad df ', 's dfh mds'),
('7000', '台東關山好米', 95, 350, 5, '台東關山好米9Kg', '「台東關山好米」——香氣四溢，口感頂級！這是台灣最優質的稻米之一，經過精心種植和嚴格挑選。米粒飽滿豐潤，煮熟後散發出迷人的香氣，口感順滑細膩。品味台東關山好米，讓您享受至尊的米飯饗宴，體驗台灣土地的豐饒滋味！'),
('7001', '台灣小麥', 100, 100, 5, '台灣小麥600g', '「台灣小麥」——純正品質，獨特風味！這是來自台灣的頂級小麥，以其卓越的品質而聞名。麥香濃郁，口感豐富，適合製作各種糕點和麵食。品味台灣小麥，讓您品味細緻口感和獨特風味，享受台灣麥食文化的美好！'),
('7002', '品鮮米12', 98, 450, 5, '品鮮米12KG', '「品鮮米」——鮮美濃郁，粒粒饒富！我們以精心種植和嚴格挑選的方式，為您提供最優質的大米。每一顆米粒都充滿著天然的甘甜和豐富的營養。品味品鮮米，讓您感受到頂級米飯的絕佳口感，享受每一餐的美味和滿足！'),
('8000', '美國雪花嫩肩牛排', 100, 450, 5, '美國雪花嫩肩牛排', '\r\n「美國雪花嫩肩牛排」——口感如絲，肉質鮮嫩！這款極品牛排將帶您品味肉質的極致享受。細膩的霜降脂肪糅合著豐富的肉汁，每一口都是嫩滑多汁的美味。品味美國雪花嫩肩牛排，讓您感受牛肉的頂級享受，滿足您的味蕾渴望！'),
('8001', '紐西蘭菲力牛排', 100, 500, 5, '紐西蘭菲力牛排', '「紐西蘭菲力牛排」——極致優雅，口感絕佳！這款頂級牛排將帶您享受肉質的最高境界。嫩滑細膩的菲力肉散發著豐富的香氣，每一口都是對味蕾的奢華刺激。品味紐西蘭菲力牛排，為您帶來一場肉食的盛宴，讓您感受舌尖上的極致享受！'),
('8002', '澳洲安格斯牛排', 100, 500, 5, '澳洲安格斯牛排', '「澳洲安格斯牛排」——精緻肉質，口感迷人！這款頂級牛排帶給您優雅的味覺享受。安格斯牛肉的細嫩質地與豐富的肉汁完美融合，每一口都散發出迷人的香氣。品味澳洲安格斯牛排，讓您沉醉在優質牛肉的絕妙口感中，體驗食肉愉悅的美好時刻！'),
('8003', 'Choice特選牛絞肉', 100, 350, 5, 'sgf gs ', 'fd sg hsa'),
('8004', '日本A5和牛150g', 100, 800, 5, 'asdgfd dsk', 'hd gsfdfjghd'),
('8005', '台灣牛肉丸10顆', 100, 120, 5, 'fa dsgfhgdhs', 'jshdfdgfdhgfh'),
('8006', '台灣溫體牛腿肉', 100, 380, 5, 'safd fdfdgfdg', 'sgh fgadddsg');

-- --------------------------------------------------------

--
-- 資料表結構 `折價券`
--

CREATE TABLE `折價券` (
  `ID` varchar(20) NOT NULL,
  `折價` int(11) NOT NULL,
  `說明` varchar(100) NOT NULL,
  `數量` int(11) NOT NULL,
  `有效日期` date NOT NULL
) ENGINE=InnoDB DEFAULT CHARSET=utf8mb4 COLLATE=utf8mb4_general_ci;

--
-- 傾印資料表的資料 `折價券`
--

INSERT INTO `折價券` (`ID`, `折價`, `說明`, `數量`, `有效日期`) VALUES
('100002', 100, '新會員優惠', 3, '2023-05-29'),
('100009', 100, '新會員優惠', 2, '2023-07-11');

-- --------------------------------------------------------

--
-- 資料表結構 `持有訂單`
--

CREATE TABLE `持有訂單` (
  `ID` varchar(20) NOT NULL,
  `訂單id` varchar(20) NOT NULL
) ENGINE=InnoDB DEFAULT CHARSET=utf8mb4 COLLATE=utf8mb4_general_ci;

--
-- 傾印資料表的資料 `持有訂單`
--

INSERT INTO `持有訂單` (`ID`, `訂單id`) VALUES
('100002', '1900006'),
('100006', '1900007'),
('100002', '1900008'),
('100002', '1900009'),
('100002', '1900010'),
('100007', '1900014'),
('100002', '1900015'),
('100002', '1900016'),
('100002', '1900017'),
('100002', '1900018'),
('100002', '1900019'),
('100002', '1900020');

-- --------------------------------------------------------

--
-- 資料表結構 `用戶`
--

CREATE TABLE `用戶` (
  `ID` varchar(20) NOT NULL,
  `帳號` varchar(20) NOT NULL,
  `密碼` varchar(20) NOT NULL,
  `生日` date NOT NULL,
  `電話` varchar(20) NOT NULL,
  `地址` varchar(20) NOT NULL,
  `權限` int(11) NOT NULL,
  `姓名` varchar(20) NOT NULL,
  `信箱` varchar(25) NOT NULL,
  `性別` varchar(2) CHARACTER SET utf8 COLLATE utf8_unicode_ci NOT NULL
) ENGINE=InnoDB DEFAULT CHARSET=utf8mb4 COLLATE=utf8mb4_general_ci;

--
-- 傾印資料表的資料 `用戶`
--

INSERT INTO `用戶` (`ID`, `帳號`, `密碼`, `生日`, `電話`, `地址`, `權限`, `姓名`, `信箱`, `性別`) VALUES
('100001', 'alen', '123456', '2003-02-19', '0906030201', '彰化夯', 1, '沉沉陳陳', 'alen@gmail.com', '男'),
('100002', 'bbbb', '456789', '1986-03-18', '0944556677', '台南市善化區一段456號', 0, '吳吳吳', 'bbbb@gmail.com', '女'),
('100003', 'admin', 'admin123456', '2023-05-17', '0944556346', '彰化縣彰化市中山路一段898號11樓', 1, '老師', 'admin@gmail.com', '男'),
('100005', 'kkkk', '123456', '2023-05-10', '0908870785', '員林員林', 0, '你是誰', 'alen0219@gmail.com', '女'),
('100008', 'member', 'member123456', '1994-05-03', '0932991622', '彰化縣彰化市敬德路一段226號11樓', 0, '老師2.0', 'member@gmail.com', '男'),
('100009', 'test', '123456', '2023-06-15', '0908870799', '台灣省', 0, '佑丞陳', 's1022038@gm.ncue.edu.tw', '女');

-- --------------------------------------------------------

--
-- 資料表結構 `用戶評論`
--

CREATE TABLE `用戶評論` (
  `UID` varchar(20) NOT NULL,
  `ID` varchar(20) NOT NULL,
  `評論` varchar(20) NOT NULL,
  `評價` int(11) NOT NULL
) ENGINE=InnoDB DEFAULT CHARSET=utf8mb4 COLLATE=utf8mb4_general_ci;

--
-- 傾印資料表的資料 `用戶評論`
--

INSERT INTO `用戶評論` (`UID`, `ID`, `評論`, `評價`) VALUES
('1000', '100002', '還好', 70),
('1000', '100003', '不錯吃', 80),
('1001', '100003', '不行', 30),
('2001', '100001', '不錯吃', 80);

-- --------------------------------------------------------

--
-- 資料表結構 `訂單內容`
--

CREATE TABLE `訂單內容` (
  `訂單id` varchar(20) NOT NULL,
  `UID` varchar(20) NOT NULL,
  `數量` int(11) NOT NULL
) ENGINE=InnoDB DEFAULT CHARSET=utf8mb4 COLLATE=utf8mb4_general_ci;

--
-- 傾印資料表的資料 `訂單內容`
--

INSERT INTO `訂單內容` (`訂單id`, `UID`, `數量`) VALUES
('1900006', '1000', 10),
('1900006', '2001', 20),
('1900007', '1000', 4),
('1900007', '1001', 2),
('1900008', '2000', 1),
('1900009', '2000', 8),
('1900010', '2000', 1),
('1900010', '6001', 9),
('1900014', '1000', 10),
('1900015', '2000', 1),
('1900015', '6000', 1),
('1900015', '7000', 1),
('1900016', '2000', 1),
('1900016', '6000', 1),
('1900016', '7002', 1),
('1900017', '7000', 1),
('1900017', '6000', 1),
('1900018', '5000', 1),
('1900018', '3004', 1),
('1900019', '5000', 1),
('1900019', '5002', 1),
('1900020', '6000', 1),
('1900020', '3004', 1),
('1900021', '7000', 3),
('1900021', '2002', 1);

-- --------------------------------------------------------

--
-- 資料表結構 `訂單資訊`
--

CREATE TABLE `訂單資訊` (
  `訂單id` varchar(20) NOT NULL,
  `姓名` varchar(20) CHARACTER SET utf8 COLLATE utf8_unicode_ci NOT NULL,
  `電話` varchar(20) NOT NULL,
  `地址` varchar(20) NOT NULL,
  `運送狀態` varchar(10) NOT NULL,
  `ID` varchar(20) NOT NULL,
  `價格` int(8) NOT NULL
) ENGINE=InnoDB DEFAULT CHARSET=utf8mb4 COLLATE=utf8mb4_general_ci;

--
-- 傾印資料表的資料 `訂單資訊`
--

INSERT INTO `訂單資訊` (`訂單id`, `姓名`, `電話`, `地址`, `運送狀態`, `ID`, `價格`) VALUES
('1900006', 'dff', '0932991658', '台南市善化區一段456號', '已出貨', '100002', 4450),
('1900007', '我是su3', '0808080808', '彰化市彰化市', '準備中', '100006', 360),
('1900008', '吳吳吳', '0944556677', '台南市善化區一段456號', '準備中', '100002', 80),
('1900009', '吳吳吳', '0932567890', '台南市善化區一段456號', '準備中', '100002', 1140),
('1900010', '吳吳吳', '0944556677', '台南市善化區一段456號', '準備中', '100002', 1230),
('1900014', '我補', '0908870799', '台灣省省紀新村', '準備中', '100007', 550),
('1900015', '', '0944556677', '台南市善化區一段456號', '準備中', '100002', 800),
('1900016', '吳吳吳', '0944556677', '台南市善化區一段456號', '準備中', '100002', 900),
('1900017', '吳吳吳', '0944556677', '台南市善化區一段456號', '準備中', '100002', 560),
('1900018', '吳吳吳', '0944556677', '台南市善化區一段456號', '準備中', '100002', 200),
('1900019', '吳吳吳', '0944556677', '台南市善化區一段456號', '準備中', '100002', 270),
('1900020', '吳吳吳', '0944556677', '台南市善化區一段456號', '準備中', '100002', 260);

--
-- 已傾印資料表的索引
--

--
-- 資料表索引 `user_image`
--
ALTER TABLE `user_image`
  ADD PRIMARY KEY (`ID`);

--
-- 資料表索引 `公告`
--
ALTER TABLE `公告`
  ADD PRIMARY KEY (`公告id`);

--
-- 資料表索引 `商品`
--
ALTER TABLE `商品`
  ADD PRIMARY KEY (`UID`);

--
-- 資料表索引 `用戶`
--
ALTER TABLE `用戶`
  ADD PRIMARY KEY (`ID`);
COMMIT;

/*!40101 SET CHARACTER_SET_CLIENT=@OLD_CHARACTER_SET_CLIENT */;
/*!40101 SET CHARACTER_SET_RESULTS=@OLD_CHARACTER_SET_RESULTS */;
/*!40101 SET COLLATION_CONNECTION=@OLD_COLLATION_CONNECTION */;
